{"metadata":{"asset_id":"553f41a0-631d-4f3e-b8f2-42f117921515","asset_attributes":["data_asset","location_definition"],"name":"fault_data.csv","asset_type":"data_asset","created_at":"2025-07-29T17:08:52Z","origin_country":"us","owner_id":"IBMid-6930010MD6","project_id":"ddc7a154-d8ef-47a7-bc9e-741cdea1eb13","size":48759,"usage":{"last_update_time":1753808934051,"last_updated_at":"2025-07-29T17:08:54Z"}},"entity":{"data_asset":{"dataset":false,"mime_type":"text/csv"},"location_definition":{"physical_location_code":"LON","physical_location_code_assigned_by":"IBMid-6930010MD6","physical_location_code_rds_id":"c57cb90f-2126-3800-9c9f-9eab82021cdf","physical_location_code_rds_version":"00002025-0723-4141-8552-509151000000_5","physical_location_code_assignment_method":"INFERRED","physical_location_code_added_on":"1753808934044"}},"attachments":[{"id":"ede5eaff-c709-47e4-a0b0-f752bbd04adb","version":2,"asset_type":"data_asset","name":"fault_data.csv","mime":"text/csv","datasource_type":"193a97c1-4475-4a19-b90c-295c4fdc6517","object_key":"fault_data.csv","creator_id":"IBMid-6930010MD6","create_time":1753808934048,"size":48759,"is_remote":false,"is_managed":false,"is_referenced":true,"is_object_key_read_only":true,"is_user_provided_path_key":true,"transfer_complete":true,"is_partitioned":false,"complete_time_ticks":1753808934048,"user_data":{},"test_doc":0,"handle":{"bucket":"powersystemfaultdetectionandclass-donotdelete-pr-dda9auvc0vvmsf","location":"eu-gb","type":"bluemix_cos","key":"fault_data.csv","upload_id":"done","max_part_num":1},"usage":{"access_count":0,"last_accessor_id":"IBMid-6930010MD6","last_access_time":1753808934048}}]}
