{"metadata":{"asset_id":"f8305d2a-ae41-460d-b99e-278646b79164","asset_attributes":["environment"],"name":"autoai-runtime-24.1-py3.11-S","asset_type":"environment","created_at":"2025-08-05T16:40:27Z","origin_country":"us","owner_id":"IBMid-6930010MD6","project_id":"ddc7a154-d8ef-47a7-bc9e-741cdea1eb13","sandbox_id":"ddc7a154-d8ef-47a7-bc9e-741cdea1eb13","size":0,"tags":["dsx"],"usage":{"last_update_time":1754412027046,"last_updated_at":"2025-08-05T16:40:27Z"}},"entity":{"environment":{"sub_type":"notebook","display_name":"Runtime 24.1 on Python 3.11 AutoAI-S","hardware_specification":{"type":"referenced","guid":"e7ed1d6c-2e89-42d7-aed5-863b972c1d2b"},"software_specification":{"type":"referenced","guid":"45f12dfe-aa78-5b8d-9f38-0ee223c47309"},"tools_specification":{"supported_kernels":[{"name":"python3","display_name":"Python 3.11","language":"python","version":"3.11"}],"notebook_extensions":[]}}}}
