{"metadata":{"asset_id":"12dc8e10-d664-41e9-84d1-75c8e384fa42","asset_attributes":["notebook","location_definition"],"name":"Power_System_Fault_Detection","asset_type":"notebook","created_at":"2025-08-05T16:40:28Z","description":"","origin_country":"us","owner_id":"IBMid-6930010MD6","project_id":"ddc7a154-d8ef-47a7-bc9e-741cdea1eb13","size":36660,"tags":["notebook"],"usage":{"last_update_time":1754412151189,"last_updated_at":"2025-08-05T16:42:31Z"}},"entity":{"notebook":{"kernel":{"display_name":"Python 3.11","name":"python3","language":"python"},"originates_from":{"type":"file"},"runtime":{"environment":"f8305d2a-ae41-460d-b99e-278646b79164"}},"location_definition":{"physical_location_code":"LON","physical_location_code_assigned_by":"IBMid-6930010MD6","physical_location_code_rds_id":"c57cb90f-2126-3800-9c9f-9eab82021cdf","physical_location_code_rds_version":"00002025-0723-4141-8552-509151000000_5","physical_location_code_assignment_method":"INFERRED","physical_location_code_added_on":"1754412029518"}},"attachments":[{"id":"cb9bb5aa-fab8-49e2-83cd-3f946062e1b1","version":2,"asset_type":"notebook","name":"attachment for notebook 12dc8e10-d664-41e9-84d1-75c8e384fa42","description":"attachment for notebook 12dc8e10-d664-41e9-84d1-75c8e384fa42","mime":"application/json","datasource_type":"193a97c1-4475-4a19-b90c-295c4fdc6517","object_key":"notebook/autoai_notebook_98cf9659-dc87-4c58-bf48-ad22a7381d3f_experiment_1754412027362.ipynb","creator_id":"IBMid-6930010MD6","create_time":1754412029522,"size":36660,"is_remote":false,"is_managed":false,"is_referenced":true,"is_object_key_read_only":false,"is_user_provided_path_key":true,"transfer_complete":true,"is_partitioned":false,"complete_time_ticks":1754412029522,"user_data":{},"test_doc":0,"handle":{"bucket":"powersystemfaultdetectionandclass-donotdelete-pr-dda9auvc0vvmsf","location":"eu-gb","type":"bluemix_cos","key":"notebook/autoai_notebook_98cf9659-dc87-4c58-bf48-ad22a7381d3f_experiment_1754412027362.ipynb","upload_id":"done","max_part_num":1},"usage":{"access_count":0,"last_accessor_id":"IBMid-6930010MD6","last_access_time":1754412029522}}]}
