{"metadata":{"asset_id":"8be8f36c-a7e5-4feb-be2b-81ab9fd36e07","asset_attributes":["wml_model","location_definition"],"name":" P8 - Random Forest Classifier: Power_System_Fault_Detection","asset_type":"wml_model","created_at":"2025-07-29T17:24:28Z","origin_country":"gb","owner_id":"IBMid-6930010MD6","project_id":"ddc7a154-d8ef-47a7-bc9e-741cdea1eb13","resource_key":"d9377443-c562-4f57-8e04-e4934683a633","sandbox_id":"ddc7a154-d8ef-47a7-bc9e-741cdea1eb13","size":97863,"usage":{"last_update_time":1753809870387,"last_updated_at":"2025-07-29T17:24:30Z"}},"entity":{"wml_model":{"content_import_state":"completed","content_location":{"contents":[{"content_format":"pipeline-node","file_name":"P8_automl.zip","location":"auto_ml/98cf9659-dc87-4c58-bf48-ad22a7381d3f/wml_data/c6af1216-f612-4766-9e8b-43d752bfb0f6/assets/c6af1216-f612-4766-9e8b-43d752bfb0f6_P8_hpo_c_output/resources/wml_model/P8_automl.zip","pipeline_node_id":"automl"},{"content_format":"native","file_name":"pipeline_model.json","location":"auto_ml/98cf9659-dc87-4c58-bf48-ad22a7381d3f/wml_data/c6af1216-f612-4766-9e8b-43d752bfb0f6/assets/c6af1216-f612-4766-9e8b-43d752bfb0f6_P8_hpo_c_output/resources/wml_model/pipeline_model.json"}],"location":{"assets_path":"auto_ml/98cf9659-dc87-4c58-bf48-ad22a7381d3f/wml_data/c6af1216-f612-4766-9e8b-43d752bfb0f6/assets","notebooks_path":"auto_ml/98cf9659-dc87-4c58-bf48-ad22a7381d3f/wml_data/c6af1216-f612-4766-9e8b-43d752bfb0f6/notebooks","path":"auto_ml/98cf9659-dc87-4c58-bf48-ad22a7381d3f/wml_data","training":"auto_ml/98cf9659-dc87-4c58-bf48-ad22a7381d3f/wml_data/c6af1216-f612-4766-9e8b-43d752bfb0f6","training_log":"auto_ml/98cf9659-dc87-4c58-bf48-ad22a7381d3f/wml_data/c6af1216-f612-4766-9e8b-43d752bfb0f6/data/automl/training.log","training_status":"auto_ml/98cf9659-dc87-4c58-bf48-ad22a7381d3f/wml_data/c6af1216-f612-4766-9e8b-43d752bfb0f6/training-status.json"},"type":"container"},"data_preprocessing":[{"input":{"columns":13,"rows":506},"output":{"columns":13,"rows":506},"props":{"type":"stratified"},"stage":"sampling"},{"input":{"columns":13,"rows":506},"output":{"columns":13,"rows":506},"props":{"duplicated_rows_count":0},"stage":"cleansing"}],"hybrid_pipeline_software_specs":[{"name":"autoai-kb_rt24.1-py3.11"}],"label_column":"Fault Type","metrics":[{"context":{"classes":["Line Breakage","Overheating","Transformer Failure"],"features_importance":[{"computation_type":"","features":{"Down time (hrs)":0.0714,"Duration of Fault (hrs)":0.0689,"NewFeature_0_nxor(Temperature (°C)___Wind Speed (km/h)___)":0.0714,"NewFeature_10_nxor(round(Wind Speed (km/h))___Duration of Fault (hrs)___)":0.0885,"NewFeature_11_nxor(round(Wind Speed (km/h))___round(Temperature (°C))___)":0.0889,"NewFeature_1_nxor(Temperature (°C)___round(Wind Speed (km/h))___)":0.0875,"NewFeature_2_nxor(Wind Speed (km/h)___Temperature (°C)___)":0.0593,"NewFeature_4_nxor(Wind Speed (km/h)___round(Temperature (°C))___)":0.075,"NewFeature_5_nxor(Duration of Fault (hrs)___Wind Speed (km/h)___)":0.0752,"NewFeature_6_nxor(Duration of Fault (hrs)___round(Wind Speed (km/h))___)":0.0899,"NewFeature_7_nxor(round(Temperature (°C))___Wind Speed (km/h)___)":0.0755,"NewFeature_9_nxor(round(Wind Speed (km/h))___Temperature (°C)___)":0.0795,"Power Load (MW)":0.069},"stage":"Mean"}],"incremental_training":{},"intermediate_model":{"composition_steps":["Split_TrainingHoldout","TrainingDataset_full_455_10","Column Selection","Datetime_FE","TrainingDataset_full_455_10","Preprocessor_default","DAUB","hpo_d","cognito","hpo_c"],"duration":46226,"location":{"model":"auto_ml/98cf9659-dc87-4c58-bf48-ad22a7381d3f/wml_data/c6af1216-f612-4766-9e8b-43d752bfb0f6/data/automl/hpo_c_output/Pipeline5/model.pickle","pipeline":"auto_ml/98cf9659-dc87-4c58-bf48-ad22a7381d3f/wml_data/c6af1216-f612-4766-9e8b-43d752bfb0f6/data/automl/hpo_c_output/Pipeline5/pipeline.json","pipeline_model":"auto_ml/98cf9659-dc87-4c58-bf48-ad22a7381d3f/wml_data/c6af1216-f612-4766-9e8b-43d752bfb0f6/data/automl/hpo_c_output/Pipeline5/pipeline-model.json"},"name":"P8","notebook_location":"auto_ml/98cf9659-dc87-4c58-bf48-ad22a7381d3f/wml_data/c6af1216-f612-4766-9e8b-43d752bfb0f6/data/automl/hpo_c_output/Pipeline5/notebook.ipynb","pipeline_nodes":["ColumnSelector","PreprocessingTransformer","autoai_libs.cognito.transforms.transform_utils.TA1","autoai_libs.cognito.transforms.transform_utils.FS1","autoai_libs.cognito.transforms.transform_utils.TGen","autoai_libs.cognito.transforms.transform_utils.FS1","RandomForestClassifier"],"process":"hpo_c_output","schema_location":"auto_ml/98cf9659-dc87-4c58-bf48-ad22a7381d3f/wml_data/c6af1216-f612-4766-9e8b-43d752bfb0f6/data/automl/hpo_c_output/Pipeline5/schema.json"},"multi_class_classification":{"one_vs_all_location":"auto_ml/98cf9659-dc87-4c58-bf48-ad22a7381d3f/wml_data/c6af1216-f612-4766-9e8b-43d752bfb0f6/data/automl/hpo_c_output/Pipeline5/one_vs_all.json"},"phase":"hpo_c_output","prediction_type":"classification","target_column":"Fault Type"},"ml_metrics":{"holdout_accuracy":0.3137254901960784,"holdout_f1_macro":0.30061360297294965,"holdout_f1_micro":0.3137254901960784,"holdout_f1_weighted":0.3006136029729496,"holdout_neg_log_loss":-1.1283691112411862,"holdout_precision_macro":0.29365079365079366,"holdout_precision_micro":0.3137254901960784,"holdout_precision_weighted":0.29365079365079366,"holdout_recall_macro":0.3137254901960784,"holdout_recall_micro":0.3137254901960784,"holdout_recall_weighted":0.3137254901960784,"training_accuracy":0.40869350528639475,"training_f1_macro":0.40482708796688144,"training_f1_micro":0.40869350528639475,"training_f1_weighted":0.405679905636758,"training_neg_log_loss":-1.102332753526758,"training_precision_macro":0.4069948584049398,"training_precision_micro":0.40869350528639475,"training_precision_weighted":0.4075309270821566,"training_recall_macro":0.4075228381951071,"training_recall_micro":0.40869350528639475,"training_recall_weighted":0.40869350528639475},"timestamp":"2025-07-29T17:18:21Z"}],"pipeline":{"id":"712ebbe0-794f-4dd5-b119-57220666dbf7"},"schemas":{"input":[{"fields":[{"name":"Fault ID","nullable":false,"type":"other"},{"name":"Fault Location (Latitude, Longitude)","nullable":false,"type":"other"},{"name":"Voltage (V)","nullable":false,"type":"double"},{"name":"Current (A)","nullable":false,"type":"double"},{"name":"Power Load (MW)","nullable":false,"type":"double"},{"name":"Temperature (°C)","nullable":false,"type":"double"},{"name":"Wind Speed (km/h)","nullable":false,"type":"double"},{"name":"Weather Condition","nullable":false,"type":"other"},{"name":"Maintenance Status","nullable":false,"type":"other"},{"name":"Component Health","nullable":false,"type":"other"},{"name":"Duration of Fault (hrs)","nullable":false,"type":"double"},{"name":"Down time (hrs)","nullable":false,"type":"double"}],"id":"auto_ai_kb_input_schema"}],"output":[]},"software_spec":{"id":"8c1a58c6-62b5-4dc4-987a-df751c2756b6","name":"hybrid_0.1"},"training_data_references":[{"connection":{},"id":"fault_data.csv","location":{"href":"/v2/assets/553f41a0-631d-4f3e-b8f2-42f117921515?project_id=ddc7a154-d8ef-47a7-bc9e-741cdea1eb13","id":"553f41a0-631d-4f3e-b8f2-42f117921515","project_id":"ddc7a154-d8ef-47a7-bc9e-741cdea1eb13","userfs":"false"},"schema":{"fields":[{"name":"Fault ID","nullable":false,"type":"other"},{"name":"Fault Location (Latitude, Longitude)","nullable":false,"type":"other"},{"name":"Voltage (V)","nullable":false,"type":"double"},{"name":"Current (A)","nullable":false,"type":"double"},{"name":"Power Load (MW)","nullable":false,"type":"double"},{"name":"Temperature (°C)","nullable":false,"type":"double"},{"name":"Wind Speed (km/h)","nullable":false,"type":"double"},{"name":"Weather Condition","nullable":false,"type":"other"},{"name":"Maintenance Status","nullable":false,"type":"other"},{"name":"Component Health","nullable":false,"type":"other"},{"name":"Duration of Fault (hrs)","nullable":false,"type":"double"},{"name":"Down time (hrs)","nullable":false,"type":"double"},{"name":"Fault Type","nullable":false,"type":"other"}],"id":"auto_ai_kb_input_schema"},"type":"data_asset"}],"training_id":"c6af1216-f612-4766-9e8b-43d752bfb0f6","type":"wml-hybrid_0.1","ml_version":"4.0.19"}},"attachments":[{"id":"30cb5852-43f1-4cd1-af47-070e8490b612","version":2,"asset_type":"wml_model","name":"P8_automl.zip","datasource_type":"193a97c1-4475-4a19-b90c-295c4fdc6517","creator_id":"IBMid-6930010MD6","create_time":1753809868839,"size":95977,"is_remote":false,"is_managed":true,"is_referenced":false,"is_object_key_read_only":false,"is_user_provided_path_key":false,"transfer_complete":true,"is_partitioned":false,"complete_time_ticks":1753809870262,"user_data":{"content_format":"pipeline-node","pipeline_node_id":"automl"},"test_doc":0,"handle":{"bucket":"powersystemfaultdetectionandclass-donotdelete-pr-dda9auvc0vvmsf","location":"eu-gb","type":"bluemix_cos","key":"24cc622e-e2f5-475f-be50-61ff37052d28/8be8f36c-a7e5-4feb-be2b-81ab9fd36e07/30cb5852-43f1-4cd1-af47-070e8490b612","upload_id":"done","max_part_num":1},"usage":{"access_count":1,"last_accessor_id":"IBMid-6930010MD6","last_access_time":1753809870262,"last_updater_id":"IBMid-6930010MD6","last_update_time":1753809870262}},{"id":"74b68c7c-3941-49e5-9807-a18a694cee61","version":2,"asset_type":"wml_model","name":"pipeline_model.json","datasource_type":"193a97c1-4475-4a19-b90c-295c4fdc6517","creator_id":"IBMid-6930010MD6","create_time":1753809868938,"size":1886,"is_remote":false,"is_managed":true,"is_referenced":false,"is_object_key_read_only":false,"is_user_provided_path_key":false,"transfer_complete":true,"is_partitioned":false,"complete_time_ticks":1753809870387,"user_data":{"content_format":"native"},"test_doc":0,"handle":{"bucket":"powersystemfaultdetectionandclass-donotdelete-pr-dda9auvc0vvmsf","location":"eu-gb","type":"bluemix_cos","key":"24cc622e-e2f5-475f-be50-61ff37052d28/8be8f36c-a7e5-4feb-be2b-81ab9fd36e07/74b68c7c-3941-49e5-9807-a18a694cee61","upload_id":"done","max_part_num":1},"usage":{"access_count":1,"last_accessor_id":"IBMid-6930010MD6","last_access_time":1753809870387,"last_updater_id":"IBMid-6930010MD6","last_update_time":1753809870387}}]}
